Player_name,age,position,team name,games,games started,minutes,points,Field goals,2FG,3FG,FT,R.offensive,R.defensive,R.total,Assists,Steals,BLK,Turnover,Persona fouls,year played
Álex Abrines,23,SG,OKC,68,6,15.5,6.0,.393,.426,.381,.898,0.3,1.0,1.3,0.6,0.5,0.1,0.5,1.7,2017
Quincy Acy,26,PF,TOT,38,1,14.7,5.8,.412,.413,.411,.750,0.5,2.5,3.0,0.5,0.4,0.4,0.6,1.8,2017
Steven Adams,23,C,OKC,80,80,29.9,11.3,.571,.572,.000,.611,3.5,4.2,7.7,1.1,1.1,1.0,1.8,2.4,2017
Arron Afflalo,31,SG,SAC,61,45,25.9,8.4,.440,.457,.411,.892,0.1,1.9,2.0,1.3,0.3,0.1,0.7,1.7,2017
Alexis Ajinça,28,C,NOP,39,15,15.0,5.3,.500,.511,.000,.725,1.2,3.4,4.5,0.3,0.5,0.6,0.8,2.0,2017
Cole Aldrich,28,C,MIN,62,0,8.6,1.7,.523,.523,,.682,0.8,1.7,2.5,0.4,0.4,0.4,0.3,1.4,2017
LaMarcus Aldridge,31,PF,SAS,72,72,32.4,17.3,.477,.480,.411,.812,2.4,4.9,7.3,1.9,0.6,1.2,1.4,2.2,2017
Lavoy Allen,27,PF,IND,61,5,14.3,2.9,.458,.461,.000,.697,1.7,1.9,3.6,0.9,0.3,0.4,0.5,1.3,2017
Tony Allen,35,SG,MEM,71,66,27.0,9.1,.461,.479,.278,.615,2.3,3.2,5.5,1.4,1.6,0.4,1.4,2.5,2017
Al-Farouq Aminu,26,PF,POR,61,25,29.1,8.7,.393,.445,.330,.706,1.3,6.1,7.4,1.6,1.0,0.7,1.5,1.7,2017
Chris Andersen,38,C,CLE,12,0,9.5,2.3,.409,.474,.000,.714,0.8,1.8,2.6,0.4,0.4,0.6,0.4,1.7,2017
Alan Anderson,34,SF,LAC,30,0,10.3,2.9,.375,.444,.318,.750,0.1,0.7,0.8,0.4,0.1,0.0,0.2,1.2,2017
Justin Anderson,23,SF,TOT,75,10,16.4,7.1,.424,.522,.299,.791,0.9,2.3,3.3,0.9,0.5,0.3,0.9,1.5,2017
Kyle Anderson,23,SF,SAS,72,14,14.2,3.4,.445,.462,.375,.789,0.5,2.4,2.9,1.3,0.7,0.4,0.5,0.9,2017
Ryan Anderson,28,PF,HOU,72,72,29.4,13.6,.418,.446,.403,.860,1.6,3.0,4.6,0.9,0.4,0.2,0.8,2.0,2017
Giannis Antetokounmpo,22,SF,MIL,80,80,35.6,22.9,.521,.563,.272,.770,1.8,7.0,8.8,5.4,1.6,1.9,2.9,3.1,2017
Carmelo Anthony,32,SF,NYK,74,74,34.3,22.4,.433,.466,.359,.833,0.8,5.1,5.9,2.9,0.8,0.5,2.1,2.7,2017
Joel Anthony,34,C,SAS,19,0,6.4,1.3,.625,.625,,.625,0.4,1.2,1.6,0.2,0.1,0.3,0.2,0.6,2017
Trevor Ariza,31,SF,HOU,80,80,34.7,11.7,.409,.556,.344,.738,0.7,5.1,5.7,2.2,1.8,0.3,0.9,1.7,2017
Darrell Arthur,28,PF,DEN,41,7,15.6,6.4,.442,.429,.453,.864,0.6,2.1,2.7,1.0,0.5,0.5,0.9,1.9,2017
Ömer Aşık,30,C,NOP,31,19,15.5,2.7,.477,.477,,.590,1.5,3.7,5.3,0.5,0.2,0.3,0.5,1.6,2017
D.J. Augustin,29,PG,ORL,78,20,19.7,7.9,.377,.412,.347,.814,0.2,1.3,1.5,2.7,0.4,0.0,1.2,1.3,2017
Luke Babbitt,27,SF,MIA,68,55,15.7,4.8,.402,.366,.414,.733,0.2,1.9,2.1,0.5,0.3,0.2,0.4,1.7,2017
Ron Baker,23,SG,NYK,52,13,16.5,4.1,.378,.450,.267,.651,0.2,1.7,1.9,2.1,0.7,0.2,1.1,1.4,2017
Wade Baldwin,20,PG,MEM,33,1,12.3,3.2,.313,.355,.136,.838,0.3,1.1,1.4,1.8,0.5,0.2,1.2,1.2,2017
Leandro Barbosa,34,SG,PHO,67,0,14.4,6.3,.439,.466,.357,.889,0.2,1.3,1.6,1.2,0.5,0.1,0.7,1.2,2017
J.J. Barea,32,PG,DAL,35,6,22.0,10.9,.414,.456,.358,.863,0.3,2.1,2.4,5.5,0.4,0.0,1.8,0.9,2017
Harrison Barnes,24,PF,DAL,79,79,35.5,19.2,.468,.492,.351,.861,1.2,3.8,5.0,1.5,0.8,0.2,1.3,1.6,2017
Matt Barnes,36,SF,TOT,74,18,24.0,7.1,.391,.467,.331,.787,0.9,4.2,5.2,2.6,0.6,0.4,1.4,2.5,2017
Will Barton,26,SG,DEN,60,19,28.4,13.7,.443,.483,.370,.753,1.0,3.4,4.3,3.4,0.8,0.5,1.6,1.8,2017
Brandon Bass,31,PF,LAC,52,0,11.1,5.6,.575,.579,.333,.875,0.8,1.7,2.5,0.4,0.3,0.2,0.6,0.9,2017
Nicolas Batum,28,SG,CHO,77,77,34.0,15.1,.403,.453,.333,.856,0.6,5.6,6.2,5.9,1.1,0.4,2.5,1.4,2017
Jerryd Bayless,28,PG,PHI,3,1,23.7,11.0,.344,.333,.400,.900,1.0,3.0,4.0,4.3,0.0,0.0,3.0,1.3,2017
Aron Baynes,30,C,DET,75,2,15.5,4.9,.513,.513,,.840,1.5,3.0,4.4,0.4,0.2,0.5,0.7,2.2,2017
Kent Bazemore,27,SF,ATL,73,64,26.9,11.0,.409,.446,.346,.708,0.6,2.5,3.2,2.4,1.2,0.7,1.7,2.3,2017
Bradley Beal,23,SG,WAS,77,77,34.9,23.1,.482,.538,.404,.825,0.7,2.4,3.1,3.5,1.1,0.3,2.0,2.2,2017
Malik Beasley,20,SG,DEN,22,1,7.5,3.8,.452,.533,.321,.800,0.2,0.5,0.8,0.5,0.3,0.0,0.4,0.5,2017
Michael Beasley,28,PF,MIL,56,6,16.7,9.4,.532,.545,.419,.743,0.7,2.7,3.4,0.9,0.5,0.5,1.2,1.6,2017
Marco Belinelli,30,SG,CHO,74,0,24.0,10.5,.429,.488,.360,.893,0.2,2.2,2.4,2.0,0.6,0.1,0.9,1.2,2017
DeAndre' Bembry,22,SF,ATL,38,1,9.8,2.7,.480,.575,.056,.375,0.4,1.2,1.6,0.7,0.2,0.1,0.4,0.6,2017
Dragan Bender,19,PF,PHO,43,0,13.3,3.4,.354,.483,.277,.364,0.5,1.9,2.4,0.5,0.2,0.5,0.7,1.7,2017
Anthony Bennett,23,PF,BRK,23,1,11.5,5.0,.413,.568,.271,.722,1.1,2.3,3.4,0.5,0.2,0.1,0.5,0.8,2017
Ben Bentil,21,PF,DAL,3,0,3.3,0.0,.000,.000,.000,,0.0,0.7,0.7,0.0,0.0,0.0,0.3,0.3,2017
Dāvis Bertāns,24,PF,SAS,67,6,12.1,4.5,.440,.557,.399,.824,0.3,1.1,1.5,0.7,0.3,0.4,0.5,1.1,2017
Patrick Beverley,28,SG,HOU,67,67,30.7,9.5,.420,.463,.382,.768,1.4,4.4,5.9,4.2,1.5,0.4,1.5,3.3,2017
Bismack Biyombo,24,C,ORL,81,27,22.1,6.0,.528,.528,,.534,1.9,5.1,7.0,0.9,0.3,1.1,1.2,2.5,2017
Nemanja Bjelica,28,PF,MIN,65,1,18.3,6.2,.424,.531,.316,.738,0.9,2.9,3.8,1.2,0.6,0.3,0.9,2.4,2017
Tarik Black,25,C,LAL,67,16,16.3,5.7,.510,.510,.500,.752,2.1,3.0,5.1,0.6,0.4,0.7,0.9,2.6,2017
Eric Bledsoe,27,PG,PHO,66,66,33.0,21.1,.434,.477,.335,.847,0.8,4.1,4.8,6.3,1.4,0.5,3.4,2.5,2017
Bojan Bogdanović,27,SF,TOT,81,54,25.7,13.7,.445,.512,.367,.893,0.5,3.0,3.4,1.4,0.4,0.1,1.6,1.8,2017
Andrew Bogut,32,C,TOT,27,21,21.6,2.9,.469,.475,.000,.273,2.1,6.0,8.1,1.8,0.5,0.9,1.6,3.2,2017
Joel Bolomboy,23,PF,UTA,12,0,4.4,1.8,.563,.667,.250,.500,0.3,1.1,1.4,0.2,0.1,0.2,0.2,0.1,2017
Devin Booker,20,SG,PHO,78,78,35.0,22.1,.423,.447,.363,.832,0.6,2.6,3.2,3.4,0.9,0.3,3.1,3.1,2017
Trevor Booker,29,PF,BRK,71,43,24.7,10.0,.516,.546,.321,.673,2.0,6.0,8.0,1.9,1.1,0.4,1.8,2.1,2017
Avery Bradley,26,SG,BOS,55,55,33.4,16.3,.463,.504,.390,.731,1.2,4.9,6.1,2.2,1.2,0.2,1.6,2.6,2017
Corey Brewer,30,SF,TOT,82,11,15.6,4.5,.422,.522,.229,.735,0.4,1.6,2.0,1.2,0.7,0.2,0.7,1.6,2017
Malcolm Brogdon,24,SG,MIL,75,28,26.4,10.2,.457,.480,.404,.865,0.6,2.2,2.8,4.2,1.1,0.2,1.5,1.9,2017
Aaron Brooks,32,PG,IND,65,0,13.8,5.0,.403,.424,.375,.800,0.3,0.8,1.1,1.9,0.4,0.1,1.0,1.4,2017
Anthony Brown,24,SF,TOT,11,0,14.5,3.9,.360,.478,.259,,0.7,2.3,3.0,0.7,0.5,0.1,0.5,1.4,2017
Bobby Brown,32,PG,HOU,25,0,4.9,2.5,.383,.360,.400,1.000,0.0,0.2,0.2,0.6,0.0,0.0,0.2,0.2,2017
Jaylen Brown,20,SF,BOS,78,20,17.2,6.6,.454,.507,.341,.685,0.6,2.2,2.8,0.8,0.4,0.2,0.9,1.8,2017
Nicolás Brussino,23,SG,DAL,54,2,9.6,2.8,.369,.500,.305,.773,0.5,1.3,1.8,0.9,0.3,0.1,0.5,0.8,2017
Reggie Bullock,25,SF,DET,31,5,15.1,4.5,.422,.473,.384,.714,0.4,1.6,2.1,0.9,0.6,0.1,0.3,0.7,2017
Trey Burke,24,PG,WAS,57,0,12.3,5.0,.455,.459,.443,.759,0.1,0.7,0.8,1.8,0.2,0.1,0.8,0.9,2017
Alec Burks,25,SG,UTA,42,0,15.5,6.7,.399,.430,.329,.769,0.4,2.5,2.9,0.7,0.4,0.1,0.8,1.2,2017
Jimmy Butler,27,SF,CHI,76,75,37.0,23.9,.455,.477,.367,.865,1.7,4.5,6.2,5.5,1.9,0.4,2.1,1.5,2017
Bruno Caboclo,21,SF,TOR,9,0,4.4,1.6,.375,.400,.333,,0.6,0.6,1.1,0.4,0.2,0.1,0.2,0.4,2017
José Calderón,35,PG,TOT,41,13,13.1,3.4,.410,.500,.313,.917,0.4,1.4,1.8,2.1,0.3,0.0,1.0,0.9,2017
Kentavious Caldwell-Pope,23,SG,DET,76,75,33.3,13.8,.399,.442,.350,.832,0.7,2.5,3.3,2.5,1.2,0.2,1.1,1.6,2017
Isaiah Canaan,25,SG,CHI,39,0,15.2,4.6,.364,.481,.266,.909,0.2,1.1,1.3,0.9,0.6,0.0,0.5,0.9,2017
Clint Capela,22,C,HOU,65,59,23.9,12.6,.643,.643,,.531,2.7,5.4,8.1,1.0,0.5,1.2,1.3,2.8,2017
DeMarre Carroll,30,SF,TOR,72,72,26.1,8.9,.400,.483,.341,.761,0.9,2.9,3.8,1.0,1.1,0.4,0.8,2.0,2017
Vince Carter,40,SF,MEM,73,15,24.6,8.0,.394,.418,.378,.765,0.5,2.6,3.1,1.8,0.8,0.5,0.7,2.2,2017
Michael Carter-Williams,25,PG,CHI,45,19,18.8,6.6,.366,.401,.234,.753,0.5,2.9,3.4,2.5,0.8,0.5,1.5,2.3,2017
Omri Casspi,28,PF,TOT,36,2,17.9,5.2,.470,.512,.349,.586,0.8,2.4,3.1,1.0,0.6,0.1,0.8,1.4,2017
Willie Cauley-Stein,23,C,SAC,75,21,18.9,8.1,.530,.532,.000,.669,1.1,3.4,4.5,1.1,0.7,0.6,0.9,2.0,2017
Tyson Chandler,34,C,PHO,47,46,27.6,8.4,.671,.671,,.734,3.3,8.2,11.5,0.6,0.7,0.5,1.4,2.7,2017
Wilson Chandler,29,SF,DEN,71,33,30.9,15.7,.461,.527,.337,.727,1.5,5.0,6.5,2.0,0.7,0.4,1.6,2.4,2017
Marquese Chriss,19,PF,PHO,82,75,21.3,9.2,.449,.520,.321,.624,1.2,3.1,4.2,0.7,0.8,0.9,1.3,3.2,2017
Rakeem Christmas,25,PF,IND,29,0,7.6,2.0,.442,.442,,.724,0.9,1.0,1.9,0.1,0.1,0.2,0.3,1.3,2017
Semaj Christon,24,PG,OKC,64,1,15.2,2.9,.345,.406,.190,.548,0.3,1.1,1.4,2.0,0.4,0.1,0.7,1.2,2017
Ian Clark,25,SG,GSW,77,0,14.8,6.8,.487,.556,.374,.759,0.3,1.3,1.6,1.2,0.5,0.1,0.7,1.0,2017
Jordan Clarkson,24,SG,LAL,82,19,29.2,14.7,.445,.503,.329,.798,0.6,2.4,3.0,2.6,1.1,0.1,2.0,1.8,2017
Norris Cole,28,PG,OKC,13,0,9.6,3.3,.308,.333,.231,.800,0.0,0.8,0.8,1.1,0.6,0.0,0.5,1.4,2017
Darren Collison,29,PG,SAC,68,64,30.3,13.2,.476,.495,.417,.860,0.3,1.9,2.2,4.6,1.0,0.1,1.7,1.8,2017
Nick Collison,36,PF,OKC,20,0,6.4,1.7,.609,.636,.000,.625,0.5,1.1,1.6,0.6,0.1,0.1,0.2,0.9,2017
Mike Conley,29,PG,MEM,69,68,33.2,20.5,.460,.497,.408,.859,0.4,3.0,3.5,6.3,1.3,0.3,2.3,1.8,2017
Pat Connaughton,24,SG,POR,39,1,8.1,2.5,.514,.513,.515,.778,0.3,1.1,1.3,0.7,0.2,0.1,0.4,0.6,2017
Quinn Cook,23,PG,TOT,14,0,13.4,5.6,.500,.550,.423,.400,0.1,0.4,0.5,1.9,0.3,0.0,0.9,0.9,2017
DeMarcus Cousins,26,C,TOT,72,72,34.2,27.0,.452,.483,.361,.772,2.1,8.9,11.0,4.6,1.4,1.3,3.7,3.9,2017
Robert Covington,26,SF,PHI,67,67,31.6,12.9,.399,.484,.333,.822,1.4,5.1,6.5,1.5,1.9,1.0,2.0,3.0,2017
Allen Crabbe,24,SG,POR,79,7,28.5,10.7,.468,.490,.444,.847,0.2,2.6,2.9,1.2,0.7,0.3,0.8,2.2,2017
Jamal Crawford,36,SG,LAC,82,1,26.3,12.3,.413,.443,.360,.857,0.2,1.4,1.6,2.6,0.7,0.2,1.6,1.4,2017
Jordan Crawford,28,SG,NOP,19,0,23.3,14.1,.482,.553,.389,.769,0.2,1.6,1.8,3.0,0.6,0.1,1.3,1.6,2017
Jae Crowder,26,SF,BOS,72,72,32.4,13.9,.463,.540,.398,.811,0.7,5.1,5.8,2.2,1.0,0.3,1.1,2.2,2017
Dante Cunningham,29,PF,NOP,66,35,25.0,6.6,.485,.579,.392,.593,0.8,3.3,4.2,0.6,0.6,0.4,0.4,1.5,2017
Seth Curry,26,PG,DAL,70,42,29.0,12.8,.481,.528,.425,.850,0.4,2.2,2.6,2.7,1.1,0.1,1.3,1.8,2017
Stephen Curry,28,PG,GSW,79,79,33.4,25.3,.468,.537,.411,.898,0.8,3.7,4.5,6.6,1.8,0.2,3.0,2.3,2017
Troy Daniels,25,SG,MEM,67,3,17.7,8.2,.374,.336,.389,.796,0.3,1.2,1.5,0.7,0.3,0.1,0.7,1.3,2017
Anthony Davis,23,C,NOP,75,75,36.1,28.0,.505,.524,.299,.802,2.3,9.5,11.8,2.1,1.3,2.2,2.4,2.2,2017
Deyonta Davis,20,C,MEM,36,0,6.6,1.6,.511,.511,,.556,0.6,1.1,1.7,0.1,0.1,0.5,0.2,1.1,2017
Ed Davis,27,PF,POR,46,12,17.2,4.3,.528,.528,,.617,2.1,3.2,5.3,0.6,0.3,0.5,0.8,3.0,2017
Dewayne Dedmon,27,C,SAS,76,37,17.5,5.1,.622,.622,,.699,1.7,4.8,6.5,0.6,0.5,0.8,0.8,2.4,2017
Sam Dekker,22,PF,HOU,77,2,18.4,6.5,.473,.591,.321,.559,1.2,2.5,3.7,1.0,0.5,0.3,0.5,1.1,2017
Malcolm Delaney,27,PG,ATL,73,2,17.1,5.4,.374,.428,.236,.806,0.1,1.5,1.7,2.6,0.5,0.0,1.3,1.5,2017
Matthew Dellavedova,26,PG,MIL,76,54,26.1,7.6,.390,.404,.367,.854,0.3,1.6,1.9,4.7,0.7,0.0,1.8,2.0,2017
Luol Deng,31,SF,LAL,56,49,26.5,7.6,.387,.436,.309,.730,1.1,4.1,5.3,1.3,0.9,0.4,0.8,1.1,2017
DeMar DeRozan,27,SG,TOR,74,74,35.4,27.3,.467,.484,.266,.842,0.9,4.3,5.2,3.9,1.1,0.2,2.4,1.8,2017
Cheick Diallo,20,PF,NOP,17,0,11.7,5.1,.474,.474,,.714,1.4,2.9,4.3,0.2,0.2,0.4,0.4,1.0,2017
Boris Diaw,34,PF,UTA,73,33,17.6,4.6,.446,.512,.247,.743,0.6,1.5,2.2,2.3,0.2,0.1,1.2,1.1,2017
Gorgui Dieng,27,PF,MIN,82,82,32.4,10.0,.502,.511,.372,.814,2.3,5.6,7.9,1.9,1.1,1.2,1.3,3.1,2017
Spencer Dinwiddie,23,PG,BRK,59,18,22.6,7.3,.444,.478,.376,.792,0.5,2.3,2.8,3.1,0.7,0.4,1.1,2.0,2017
Toney Douglas,30,PG,MEM,24,0,16.4,4.9,.368,.480,.167,.828,0.5,2.0,2.5,2.3,0.8,0.2,0.9,2.1,2017
Goran Dragić,30,PG,MIA,73,73,33.7,20.3,.475,.499,.405,.790,0.8,3.0,3.8,5.8,1.2,0.2,2.9,2.7,2017
Andre Drummond,23,C,DET,81,81,29.7,13.6,.530,.532,.286,.386,4.3,9.5,13.8,1.1,1.5,1.1,1.9,2.9,2017
Jared Dudley,31,PF,PHO,64,7,21.3,6.8,.454,.559,.379,.662,0.5,3.0,3.5,1.9,0.7,0.3,1.1,2.4,2017
Mike Dunleavy,36,SF,TOT,53,2,15.9,5.2,.423,.465,.396,.800,0.3,1.8,2.2,0.9,0.3,0.1,0.5,1.3,2017
Kris Dunn,22,PG,MIN,78,7,17.1,3.8,.377,.404,.288,.610,0.3,1.8,2.1,2.4,1.0,0.5,1.1,2.3,2017
Kevin Durant,28,PF,GSW,62,62,33.4,25.1,.537,.608,.375,.875,0.6,7.6,8.3,4.8,1.1,1.6,2.2,1.9,2017
Jarell Eddie,25,SF,PHO,5,0,12.4,4.8,.316,.667,.250,.889,0.2,1.2,1.4,0.0,0.2,0.0,0.2,0.2,2017
Henry Ellenson,20,PF,DET,19,2,7.7,3.2,.359,.448,.286,.500,0.4,1.7,2.2,0.4,0.1,0.1,0.7,0.3,2017
Wayne Ellington,29,SG,MIA,62,13,24.2,10.5,.416,.509,.378,.860,0.3,1.8,2.1,1.1,0.6,0.1,0.5,1.1,2017
Monta Ellis,31,SG,IND,74,33,27.0,8.5,.443,.483,.319,.727,0.3,2.5,2.8,3.2,1.1,0.4,1.8,2.0,2017
Joel Embiid,22,C,PHI,31,31,25.4,20.2,.466,.495,.367,.783,2.0,5.9,7.8,2.1,0.9,2.5,3.8,3.6,2017
James Ennis III,26,SF,MEM,64,28,23.5,6.7,.455,.516,.372,.782,1.1,3.0,4.0,1.0,0.7,0.3,0.9,2.6,2017
Tyler Ennis,22,PG,TOT,53,2,11.1,4.3,.433,.457,.386,.840,0.2,0.7,0.8,1.6,0.5,0.0,0.8,1.1,2017
Tyreke Evans,27,SF,TOT,40,6,19.7,10.3,.405,.429,.356,.750,0.3,3.1,3.4,3.1,0.9,0.2,1.5,1.5,2017
Dante Exum,21,PG,UTA,66,26,18.6,6.2,.427,.519,.295,.795,0.5,1.5,2.0,1.7,0.3,0.2,1.2,2.2,2017
Kenneth Faried,27,PF,DEN,61,34,21.2,9.6,.548,.556,.000,.693,3.0,4.6,7.6,0.9,0.7,0.7,1.0,2.0,2017
Jordan Farmar,30,PG,SAC,2,0,17.5,6.0,.333,.000,.444,,0.5,1.0,1.5,4.5,1.0,0.0,1.5,0.5,2017
Derrick Favors,25,PF,UTA,50,39,23.7,9.5,.487,.491,.300,.615,1.8,4.3,6.1,1.1,0.9,0.8,1.2,2.1,2017
Kay Felder,21,PG,CLE,42,0,9.2,4.0,.392,.404,.318,.714,0.1,0.9,1.0,1.4,0.4,0.2,0.7,0.9,2017
Cristiano Felício,24,C,CHI,66,0,15.8,4.8,.579,.579,,.645,1.9,2.8,4.7,0.6,0.4,0.3,0.5,1.7,2017
Raymond Felton,32,PG,LAC,80,11,21.3,6.7,.430,.473,.319,.781,0.4,2.3,2.7,2.4,0.8,0.3,1.0,1.6,2017
Yogi Ferrell,23,PG,TOT,46,29,26.0,10.0,.406,.422,.386,.831,0.4,2.0,2.4,3.7,0.9,0.2,1.5,2.0,2017
Dorian Finney-Smith,23,PF,DAL,81,35,20.3,4.3,.372,.479,.293,.754,0.7,2.1,2.7,0.8,0.6,0.3,0.6,1.5,2017
Bryn Forbes,23,SG,SAS,36,0,7.9,2.6,.364,.413,.321,.833,0.1,0.6,0.6,0.6,0.0,0.0,0.3,0.6,2017
Evan Fournier,24,SG,ORL,68,66,32.9,17.2,.439,.491,.356,.805,0.6,2.4,3.1,3.0,1.0,0.1,2.1,2.6,2017
Randy Foye,33,SG,BRK,69,40,18.6,5.2,.363,.418,.330,.857,0.1,2.1,2.2,2.0,0.5,0.1,1.2,1.4,2017
Tim Frazier,26,PG,NOP,65,35,23.5,7.1,.403,.446,.313,.760,0.5,2.1,2.7,5.2,0.9,0.1,1.6,2.0,2017
Enes Freedom,24,C,OKC,72,0,21.3,14.3,.545,.568,.132,.786,2.7,4.0,6.7,0.9,0.4,0.5,1.7,2.1,2017
Channing Frye,33,C,CLE,74,15,18.9,9.1,.458,.546,.409,.851,0.5,3.4,3.9,0.6,0.4,0.5,0.7,1.9,2017
Danilo Gallinari,28,SF,DEN,63,63,33.9,18.2,.447,.491,.389,.902,0.6,4.5,5.2,2.1,0.6,0.2,1.3,1.5,2017
Langston Galloway,25,PG,TOT,74,2,20.2,7.9,.380,.367,.390,.797,0.4,1.7,2.1,1.3,0.6,0.1,0.6,1.3,2017
Patricio Garino,23,SG,ORL,5,0,8.6,0.0,.000,.000,.000,,0.2,1.2,1.4,0.0,0.0,0.0,0.6,0.8,2017
Marc Gasol,32,C,MEM,74,74,34.2,19.5,.459,.480,.388,.837,0.8,5.5,6.3,4.6,0.9,1.3,2.2,2.3,2017
Pau Gasol,36,C,SAS,64,39,25.4,12.4,.502,.494,.538,.707,1.7,6.2,7.8,2.3,0.4,1.1,1.3,1.7,2017
Rudy Gay,30,SF,SAC,30,30,33.8,18.7,.455,.483,.372,.855,1.2,5.2,6.3,2.8,1.5,0.9,2.5,2.6,2017
Michael Gbinije,24,SG,DET,9,0,3.6,0.4,.100,.167,.000,1.000,0.2,0.1,0.3,0.2,0.0,0.0,0.0,0.2,2017
Alonzo Gee,29,SF,DEN,13,0,6.8,0.8,.214,.273,.000,.556,0.3,0.8,1.2,0.5,0.4,0.1,0.3,1.1,2017
Paul George,26,SF,IND,75,75,35.9,23.7,.461,.501,.393,.898,0.8,5.8,6.6,3.3,1.6,0.4,2.9,2.7,2017
Marcus Georges-Hunt,22,SG,ORL,5,0,9.6,2.8,.286,.200,.500,.900,0.2,1.6,1.8,0.6,0.2,0.0,0.4,1.0,2017
Jonathan Gibson,29,PG,DAL,17,0,13.6,6.2,.368,.400,.333,.724,0.1,1.2,1.3,1.5,0.5,0.0,1.2,1.2,2017
Taj Gibson,31,PF,TOT,78,71,25.5,10.8,.515,.520,.231,.715,2.0,4.2,6.2,0.9,0.5,0.8,1.3,2.1,2017
Manu Ginóbili*,39,SG,SAS,69,0,18.7,7.5,.390,.387,.392,.804,0.4,1.9,2.3,2.7,1.2,0.2,1.4,1.7,2017
Rudy Gobert,24,C,UTA,81,81,33.9,14.0,.661,.662,.000,.653,3.9,8.9,12.8,1.2,0.6,2.6,1.8,3.0,2017
Archie Goodwin,22,SG,TOT,15,0,14.3,7.3,.545,.608,.333,.786,0.5,1.4,1.9,1.6,0.3,0.3,0.9,0.5,2017
Aaron Gordon,21,SF,ORL,80,72,28.7,12.7,.454,.528,.288,.719,1.5,3.6,5.1,1.9,0.8,0.5,1.1,2.2,2017
Eric Gordon,28,SG,HOU,75,15,31.0,16.2,.406,.468,.372,.840,0.4,2.3,2.7,2.5,0.6,0.5,1.6,2.0,2017
Marcin Gortat,32,C,WAS,82,82,31.2,10.8,.579,.580,.000,.648,2.9,7.5,10.4,1.5,0.5,0.7,1.5,2.6,2017
Treveon Graham,23,SG,CHO,27,1,7.0,2.1,.475,.400,.600,.667,0.2,0.6,0.8,0.2,0.2,0.0,0.1,0.7,2017
Jerami Grant,22,PF,TOT,80,4,19.1,5.5,.463,.514,.371,.612,0.5,2.1,2.6,0.6,0.4,1.0,0.6,1.9,2017
Jerian Grant,24,PG,CHI,63,28,16.3,5.9,.425,.473,.366,.890,0.3,1.5,1.8,1.9,0.7,0.1,0.7,1.5,2017
Danny Green,29,SG,SAS,68,68,26.6,7.3,.392,.420,.379,.844,0.5,2.8,3.3,1.8,1.0,0.8,1.1,1.8,2017
Draymond Green,26,PF,GSW,76,76,32.5,10.2,.418,.494,.308,.709,1.3,6.6,7.9,7.0,2.0,1.4,2.4,2.9,2017
Gerald Green,31,SF,BOS,47,0,11.4,5.6,.409,.463,.351,.805,0.3,1.4,1.8,0.7,0.2,0.1,0.5,1.0,2017
JaMychal Green,26,PF,MEM,77,75,27.3,8.9,.500,.549,.379,.802,2.2,4.9,7.1,1.1,0.6,0.4,1.2,3.2,2017
Jeff Green,30,PF,ORL,69,11,22.2,9.2,.394,.458,.275,.863,0.6,2.5,3.1,1.2,0.5,0.2,1.1,1.5,2017
Blake Griffin,27,PF,LAC,61,61,34.0,21.6,.493,.514,.336,.760,1.8,6.3,8.1,4.9,0.9,0.4,2.3,2.6,2017
Justin Hamilton,26,C,BRK,64,7,18.4,6.9,.459,.598,.306,.750,1.1,3.0,4.1,0.9,0.5,0.7,0.7,1.4,2017
A.J. Hammons,24,C,DAL,22,0,7.4,2.2,.405,.375,.500,.450,0.4,1.3,1.6,0.2,0.0,0.6,0.5,1.0,2017
Tim Hardaway Jr.,24,SG,ATL,79,30,27.3,14.5,.455,.537,.357,.766,0.4,2.4,2.8,2.3,0.7,0.2,1.3,1.3,2017
James Harden,27,PG,HOU,81,81,36.4,29.1,.440,.530,.347,.847,1.2,7.0,8.1,11.2,1.5,0.5,5.7,2.7,2017
Maurice Harkless,23,SF,POR,77,69,28.9,10.0,.503,.572,.351,.621,1.6,2.8,4.4,1.1,1.1,0.9,1.1,2.8,2017
Justin Harper,27,PF,PHI,3,0,10.3,4.0,.417,.600,.286,,0.7,1.0,1.7,0.7,0.0,0.0,1.3,0.7,2017
Montrezl Harrell,23,C,HOU,58,14,18.3,9.1,.652,.663,.143,.628,1.4,2.4,3.8,1.1,0.3,0.7,0.8,2.2,2017
Devin Harris,33,PG,DAL,65,0,16.7,6.7,.399,.476,.328,.829,0.2,1.8,2.0,2.1,0.7,0.1,0.9,1.6,2017
Gary Harris,22,SG,DEN,57,56,31.3,14.9,.502,.558,.420,.776,0.8,2.3,3.1,2.9,1.2,0.1,1.3,1.6,2017
Joe Harris,25,SG,BRK,52,11,21.9,8.2,.425,.489,.385,.714,0.3,2.5,2.8,1.0,0.6,0.2,1.1,2.3,2017
Manny Harris,27,SG,DAL,4,0,6.3,2.0,.200,.231,.000,.500,0.8,1.5,2.3,0.5,0.0,0.0,0.5,0.3,2017
Tobias Harris,24,PF,DET,82,48,31.3,16.1,.481,.537,.347,.841,0.8,4.3,5.1,1.7,0.7,0.5,1.2,1.6,2017
Aaron Harrison,22,SG,CHO,5,0,3.4,0.2,.000,.000,.000,.500,0.0,0.6,0.6,0.6,0.0,0.0,0.0,0.4,2017
Andrew Harrison,22,PG,MEM,72,18,20.5,5.9,.325,.363,.276,.763,0.3,1.6,1.9,2.8,0.7,0.3,1.2,2.7,2017
Udonis Haslem,36,C,MIA,16,0,8.1,1.9,.478,.550,.000,.600,0.5,1.8,2.3,0.4,0.4,0.1,0.5,1.4,2017
Spencer Hawes,28,PF,TOT,54,1,14.8,6.2,.484,.556,.309,.846,0.7,2.8,3.5,1.5,0.3,0.6,0.9,1.4,2017
Gordon Hayward,26,SF,UTA,73,73,34.5,21.9,.471,.506,.398,.844,0.7,4.7,5.4,3.5,1.0,0.3,1.9,1.6,2017
Gerald Henderson,29,SG,PHI,72,41,23.2,9.2,.423,.455,.353,.806,0.5,2.1,2.6,1.6,0.6,0.2,0.9,1.8,2017
John Henson,26,C,MIL,58,39,19.4,6.8,.515,.516,.000,.692,1.6,3.5,5.1,1.0,0.5,1.3,0.9,2.6,2017
Juancho Hernangómez,21,PF,DEN,62,9,13.6,4.9,.451,.495,.407,.750,0.7,2.3,3.0,0.5,0.5,0.2,0.5,1.0,2017
Willy Hernangómez,22,C,NYK,72,22,18.4,8.2,.529,.538,.267,.728,2.4,4.6,7.0,1.3,0.6,0.5,1.4,2.1,2017
Mario Hezonja,21,SF,ORL,65,2,14.8,4.9,.355,.398,.299,.800,0.3,1.9,2.2,1.0,0.5,0.2,0.9,1.1,2017
Roy Hibbert,30,C,TOT,48,13,14.2,4.6,.544,.544,,.813,1.1,2.0,3.2,0.4,0.2,1.0,0.7,2.1,2017
Buddy Hield,24,SG,TOT,82,55,23.0,10.6,.426,.461,.391,.842,0.4,2.9,3.3,1.5,0.5,0.1,1.2,1.4,2017
Nenê,34,C,HOU,67,8,17.9,9.1,.617,.624,.333,.589,1.4,2.8,4.2,1.0,0.8,0.6,1.1,2.4,2017
George Hill,30,PG,UTA,49,49,31.5,16.9,.477,.523,.403,.801,0.5,2.9,3.4,4.2,1.0,0.2,1.7,2.3,2017
Jordan Hill,29,C,MIN,7,0,6.7,1.7,.385,.385,,1.000,1.1,0.9,2.0,0.0,0.1,0.0,0.6,1.3,2017
Solomon Hill,25,SF,NOP,80,71,29.7,7.0,.383,.428,.348,.805,0.6,3.2,3.8,1.8,0.9,0.4,1.0,2.3,2017
Darrun Hilliard,23,SG,DET,39,1,9.8,3.3,.373,.438,.261,.750,0.1,0.8,0.8,0.8,0.3,0.1,0.7,1.0,2017
Jrue Holiday,26,PG,NOP,67,61,32.7,15.4,.454,.498,.356,.708,0.7,3.3,3.9,7.3,1.5,0.7,2.9,2.0,2017
Justin Holiday,27,SG,NYK,82,4,20.0,7.7,.433,.513,.355,.825,0.3,2.4,2.7,1.2,0.8,0.4,0.8,1.3,2017
Rondae Hollis-Jefferson,22,SF,BRK,78,50,22.6,8.7,.434,.463,.224,.751,1.2,4.6,5.8,2.0,1.1,0.6,1.5,2.3,2017
Richaun Holmes,23,C,PHI,57,17,20.9,9.8,.558,.606,.351,.699,1.6,3.8,5.5,1.0,0.7,1.0,1.0,2.4,2017
Rodney Hood,24,SG,UTA,59,55,27.0,12.7,.408,.440,.371,.783,0.3,3.2,3.4,1.6,0.6,0.2,1.1,2.2,2017
Al Horford,30,C,BOS,68,68,32.3,14.0,.473,.524,.355,.800,1.4,5.4,6.8,5.0,0.8,1.3,1.7,2.0,2017
Danuel House Jr.,23,SG,WAS,1,0,1.0,0.0,,,,,0.0,1.0,1.0,0.0,0.0,0.0,0.0,0.0,2017
Dwight Howard,31,C,ATL,74,74,29.7,13.5,.633,.635,.000,.533,4.0,8.7,12.7,1.4,0.9,1.2,2.3,2.7,2017
Marcelo Huertas,33,PG,LAL,23,1,10.3,2.7,.368,.429,.211,.529,0.1,1.0,1.0,2.3,0.4,0.1,0.8,0.7,2017
Josh Huestis,25,PF,OKC,2,0,15.5,7.0,.545,.571,.500,.000,2.0,2.5,4.5,1.5,0.0,1.5,0.0,0.0,2017
Kris Humphries,31,PF,ATL,56,4,12.3,4.6,.407,.425,.352,.780,1.1,2.6,3.7,0.5,0.3,0.4,0.5,1.2,2017
R.J. Hunter,23,SG,CHI,3,0,3.0,0.0,.000,,.000,,0.0,0.3,0.3,0.0,0.0,0.0,0.0,0.0,2017
Serge Ibaka,27,PF,TOT,79,79,30.7,14.8,.480,.522,.391,.856,1.6,5.2,6.8,0.9,0.5,1.6,1.3,2.7,2017
Andre Iguodala,33,SF,GSW,76,0,26.3,7.6,.528,.651,.362,.706,0.7,3.3,4.0,3.4,1.0,0.5,0.8,1.3,2017
Ersan İlyasova,29,PF,TOT,82,52,26.1,13.1,.431,.496,.353,.778,1.4,4.5,5.9,1.7,0.7,0.3,1.4,2.6,2017
Joe Ingles,29,SF,UTA,82,26,24.0,7.1,.452,.471,.441,.735,0.3,2.9,3.2,2.7,1.2,0.1,1.3,2.0,2017
Brandon Ingram,19,SF,LAL,79,40,28.8,9.4,.402,.443,.294,.621,0.8,3.2,4.0,2.1,0.6,0.5,1.5,2.0,2017
Kyrie Irving,24,PG,CLE,72,72,35.1,25.2,.473,.505,.401,.905,0.7,2.5,3.2,5.8,1.2,0.3,2.5,2.2,2017
Jarrett Jack,33,PG,NOP,2,0,16.5,3.0,.667,1.000,.000,1.000,0.0,0.0,0.0,2.5,1.0,0.0,1.5,2.0,2017
Demetrius Jackson,22,PG,BOS,5,0,3.4,2.0,.750,.667,1.000,.500,0.4,0.4,0.8,0.6,0.0,0.0,0.0,0.0,2017
Pierre Jackson,25,PG,DAL,8,1,10.5,4.4,.333,.357,.273,.857,0.1,1.0,1.1,2.4,0.3,0.0,0.4,0.6,2017
Reggie Jackson,26,PG,DET,52,50,27.4,14.5,.419,.442,.359,.868,0.4,1.8,2.2,5.2,0.7,0.1,2.2,2.5,2017
LeBron James,32,SF,CLE,74,74,37.8,26.4,.548,.611,.363,.674,1.3,7.3,8.6,8.7,1.2,0.6,4.1,1.8,2017
Al Jefferson,32,C,IND,66,1,14.1,8.1,.499,.500,.000,.765,1.1,3.1,4.2,0.9,0.3,0.2,0.5,1.9,2017
Richard Jefferson,36,SF,CLE,79,13,20.4,5.7,.446,.580,.333,.741,0.4,2.2,2.6,1.0,0.3,0.1,0.7,1.9,2017
John Jenkins,25,SG,PHO,4,0,3.3,1.8,.400,.333,.500,1.000,0.0,0.3,0.3,0.3,0.0,0.0,0.0,0.0,2017
Brandon Jennings,27,PG,TOT,81,13,22.2,7.1,.359,.399,.313,.750,0.4,2.1,2.4,4.9,0.9,0.0,1.6,1.4,2017
Jonas Jerebko,29,PF,BOS,78,6,15.8,3.8,.435,.523,.346,.703,0.8,2.7,3.5,0.9,0.3,0.2,0.5,1.6,2017
Amir Johnson,29,PF,BOS,80,77,20.1,6.5,.576,.612,.409,.670,1.5,3.1,4.6,1.8,0.6,0.8,1.0,2.6,2017
Brice Johnson,22,PF,LAC,3,0,3.0,1.3,.286,.286,,,0.3,0.7,1.0,0.3,0.7,0.3,0.3,0.0,2017
James Johnson,29,PF,MIA,76,5,27.4,12.8,.479,.548,.340,.707,0.9,4.1,4.9,3.6,1.0,1.1,2.3,2.6,2017
Joe Johnson,35,SF,UTA,78,14,23.6,9.2,.436,.454,.411,.818,0.4,2.7,3.1,1.8,0.5,0.2,0.9,1.2,2017
Stanley Johnson,20,SF,DET,77,1,17.8,4.4,.353,.398,.292,.679,0.5,2.0,2.5,1.4,0.7,0.3,0.9,1.6,2017
Tyler Johnson,24,PG,MIA,73,0,29.8,13.7,.433,.460,.372,.768,0.7,3.3,4.0,3.2,1.2,0.6,1.2,2.4,2017
Wesley Johnson,29,SF,LAC,68,3,11.9,2.7,.365,.537,.246,.647,0.4,2.3,2.7,0.3,0.4,0.4,0.3,1.2,2017
Nikola Jokić,21,C,DEN,73,59,27.9,16.7,.578,.628,.324,.825,2.9,6.9,9.8,4.9,0.8,0.8,2.3,2.9,2017
Dahntay Jones,36,SF,CLE,1,0,12.0,9.0,.375,.500,.000,.750,1.0,1.0,2.0,1.0,0.0,0.0,1.0,1.0,2017
Damian Jones,21,C,GSW,10,0,8.5,1.9,.500,.500,,.300,0.9,1.4,2.3,0.0,0.1,0.4,0.6,1.5,2017
Derrick Jones Jr.,19,SF,PHO,32,8,17.0,5.3,.562,.591,.273,.707,1.2,1.3,2.5,0.4,0.4,0.4,0.4,2.0,2017
James Jones,36,SF,CLE,48,2,7.9,2.8,.478,.500,.470,.650,0.1,0.7,0.8,0.3,0.1,0.2,0.2,0.8,2017
Terrence Jones,25,PF,TOT,54,12,23.5,10.8,.470,.508,.253,.606,1.2,4.5,5.7,1.1,0.7,1.0,0.9,1.2,2017
Tyus Jones,20,PG,MIN,60,0,12.9,3.5,.414,.454,.356,.767,0.2,1.0,1.1,2.6,0.8,0.1,0.6,0.8,2017
DeAndre Jordan,28,C,LAC,81,81,31.7,12.7,.714,.717,.000,.482,3.7,10.1,13.8,1.2,0.6,1.7,1.4,2.6,2017
Cory Joseph,25,PG,TOR,80,22,25.0,9.3,.452,.477,.356,.770,0.6,2.3,2.9,3.3,0.8,0.2,1.4,1.8,2017
Frank Kaminsky,23,C,CHO,75,16,26.1,11.7,.399,.455,.328,.756,0.8,3.7,4.5,2.2,0.6,0.5,1.0,1.9,2017
Ryan Kelly,25,PF,ATL,16,0,6.9,1.6,.286,.222,.400,.833,0.1,1.1,1.1,0.5,0.3,0.3,0.3,0.3,2017
Michael Kidd-Gilchrist,23,SF,CHO,81,81,29.0,9.2,.477,.483,.111,.784,1.9,5.0,7.0,1.4,1.0,1.0,0.7,2.3,2017
Sean Kilpatrick,27,SG,BRK,70,24,25.1,13.1,.415,.468,.341,.843,0.3,3.7,4.0,2.2,0.6,0.1,1.9,1.7,2017
Brandon Knight,25,SG,PHO,54,5,21.1,11.0,.398,.425,.324,.857,0.5,1.7,2.2,2.4,0.5,0.1,1.6,1.6,2017
Kyle Korver,35,SG,TOT,67,22,26.2,10.1,.464,.494,.451,.905,0.1,2.7,2.8,1.6,0.5,0.3,1.0,1.6,2017
Kosta Koufos,27,C,SAC,71,62,20.0,6.6,.551,.552,.000,.613,1.7,4.0,5.7,0.7,0.5,0.7,0.9,2.4,2017
Mindaugas Kuzminskas,27,SF,NYK,68,5,14.9,6.3,.428,.517,.321,.809,0.7,1.2,1.9,1.0,0.4,0.2,0.8,1.2,2017
Skal Labissière,20,PF,SAC,33,12,18.5,8.8,.537,.543,.375,.703,1.5,3.4,4.9,0.8,0.5,0.4,1.1,1.9,2017
Jeremy Lamb,24,SG,CHO,62,5,18.4,9.7,.460,.536,.281,.853,0.5,3.8,4.3,1.2,0.4,0.4,0.6,1.6,2017
Nicolás Laprovíttola,27,PG,SAS,18,3,9.7,3.3,.426,.500,.370,1.000,0.1,0.5,0.6,1.6,0.2,0.1,1.1,1.1,2017
Joffrey Lauvergne,25,PF-C,TOT,70,1,14.0,5.4,.440,.483,.337,.630,1.0,2.6,3.6,1.0,0.4,0.1,0.8,1.2,2017
Zach LaVine,21,SG,MIN,47,47,37.2,18.9,.459,.515,.387,.836,0.4,3.0,3.4,3.0,0.9,0.2,1.8,2.2,2017
Ty Lawson,29,PG,SAC,69,24,25.1,9.9,.454,.502,.288,.797,0.6,2.0,2.6,4.8,1.1,0.1,1.9,1.7,2017
Jake Layman,22,SF,POR,35,1,7.1,2.2,.292,.342,.255,.765,0.2,0.5,0.7,0.3,0.3,0.1,0.3,0.6,2017
Courtney Lee,31,SG,NYK,77,74,31.9,10.8,.456,.490,.401,.867,0.7,2.7,3.4,2.3,1.1,0.3,0.9,1.8,2017
David Lee,33,PF,SAS,79,10,18.7,7.3,.590,.590,,.708,1.9,3.7,5.6,1.6,0.4,0.5,1.0,1.6,2017
Alex Len,23,C,PHO,77,34,20.3,8.0,.497,.503,.250,.721,2.0,4.6,6.6,0.6,0.5,1.3,1.3,3.1,2017
Kawhi Leonard,25,SF,SAS,74,74,33.4,25.5,.485,.529,.380,.880,1.1,4.7,5.8,3.5,1.8,0.7,2.1,1.6,2017
Meyers Leonard,24,PF,POR,74,12,16.5,5.4,.386,.436,.347,.875,0.4,2.8,3.2,1.0,0.2,0.4,0.5,2.3,2017
Jon Leuer,27,PF,DET,75,34,25.9,10.2,.480,.545,.293,.867,1.4,4.0,5.4,1.5,0.4,0.3,0.9,1.9,2017
Caris LeVert,22,SF,BRK,57,26,21.7,8.2,.450,.571,.321,.720,0.4,2.9,3.3,1.9,0.9,0.1,1.0,1.6,2017
DeAndre Liggins,28,SG,TOT,62,19,12.5,2.5,.387,.396,.370,.625,0.3,1.4,1.7,0.9,0.8,0.2,0.7,1.3,2017
Damian Lillard,26,PG,POR,75,75,35.9,27.0,.444,.492,.370,.895,0.6,4.3,4.9,5.9,0.9,0.3,2.6,2.0,2017
Jeremy Lin,28,PG,BRK,36,33,24.5,14.5,.438,.480,.372,.816,0.3,3.4,3.8,5.1,1.2,0.4,2.4,2.2,2017
Shaun Livingston,31,PG,GSW,76,3,17.7,5.1,.547,.550,.333,.700,0.4,1.6,2.0,1.8,0.5,0.3,0.8,1.6,2017
Shawn Long,24,C,PHI,18,0,13.0,8.2,.560,.600,.368,.543,2.3,2.4,4.7,0.7,0.5,0.5,0.7,2.7,2017
Kevon Looney,20,C,GSW,53,4,8.4,2.5,.523,.551,.222,.618,0.8,1.5,2.3,0.5,0.3,0.3,0.3,1.2,2017
Brook Lopez,28,C,BRK,75,75,29.6,20.5,.474,.536,.346,.810,1.6,3.8,5.4,2.3,0.5,1.7,2.5,2.6,2017
Robin Lopez,28,C,CHI,81,81,28.0,10.4,.493,.494,.000,.721,3.0,3.4,6.4,1.0,0.2,1.4,1.1,1.9,2017
Kevin Love,28,PF,CLE,60,60,31.4,19.0,.427,.471,.373,.871,2.5,8.6,11.1,1.9,0.9,0.4,2.0,2.1,2017
Kyle Lowry,30,PG,TOR,60,60,37.4,22.4,.464,.518,.412,.819,0.8,4.0,4.8,7.0,1.5,0.3,2.9,2.8,2017
John Lucas III,34,PG,MIN,5,0,2.2,0.4,.250,.333,.000,,0.0,0.0,0.0,0.2,0.4,0.0,0.0,0.0,2017
Timothé Luwawu-Cabarrot,21,SF,PHI,69,19,17.2,6.4,.402,.475,.311,.854,0.4,1.8,2.2,1.1,0.5,0.1,1.1,2.2,2017
Trey Lyles,21,PF,UTA,71,4,16.3,6.2,.362,.400,.319,.722,0.7,2.6,3.3,1.0,0.4,0.3,0.9,1.4,2017
Sheldon Mac,24,SG,WAS,30,3,9.6,3.0,.400,.511,.233,.852,0.1,1.0,1.1,0.5,0.3,0.1,0.2,0.6,2017
Shelvin Mack,26,PG,UTA,55,9,21.9,7.8,.446,.510,.308,.688,0.4,1.9,2.3,2.8,0.8,0.1,1.6,1.8,2017
Ian Mahinmi,30,C,WAS,31,0,17.9,5.6,.586,.586,,.573,1.5,3.3,4.8,0.6,1.1,0.8,1.1,2.9,2017
Thon Maker,19,C,MIL,57,34,9.9,4.0,.459,.514,.378,.653,0.7,1.3,2.0,0.4,0.2,0.5,0.3,1.5,2017
Boban Marjanović,28,C,DET,35,0,8.4,5.5,.545,.545,,.810,1.3,2.4,3.7,0.3,0.2,0.3,0.3,0.7,2017
Jarell Martin,22,PF,MEM,42,3,13.3,3.9,.384,.389,.360,.800,1.0,2.9,3.9,0.2,0.4,0.2,0.7,2.2,2017
Wesley Matthews,30,SG,DAL,73,73,34.2,13.5,.393,.432,.363,.816,0.2,3.3,3.5,2.9,1.1,0.2,1.4,2.2,2017
Luc Mbah a Moute,30,SF,LAC,80,76,22.3,6.1,.505,.552,.391,.678,0.6,1.6,2.1,0.5,1.0,0.4,0.6,1.5,2017
James Michael McAdoo,24,PF,GSW,52,2,8.8,2.8,.530,.550,.250,.500,0.7,1.1,1.8,0.3,0.3,0.6,0.4,0.9,2017
Patrick McCaw,21,SG,GSW,71,20,15.1,4.0,.433,.533,.333,.784,0.3,1.1,1.4,1.1,0.5,0.2,0.5,0.9,2017
CJ McCollum,25,SG,POR,80,80,35.0,23.0,.480,.506,.421,.912,0.8,2.9,3.6,3.6,0.9,0.5,2.2,2.5,2017
T.J. McConnell,24,PG,PHI,81,51,26.3,6.9,.461,.492,.200,.811,0.5,2.6,3.1,6.6,1.7,0.1,2.0,1.7,2017
Chris McCullough,21,PF,TOT,16,0,5.0,2.3,.500,.600,.143,.600,0.6,0.6,1.2,0.1,0.1,0.1,0.2,0.4,2017
K.J. McDaniels,23,SF,TOT,49,0,10.3,4.2,.456,.553,.303,.842,0.3,1.4,1.7,0.3,0.4,0.4,0.6,1.0,2017
Doug McDermott,25,SF,TOT,66,5,22.8,9.0,.447,.502,.370,.845,0.3,2.4,2.7,0.9,0.2,0.1,0.6,1.2,2017
JaVale McGee,29,C,GSW,77,10,9.6,6.1,.652,.658,.000,.505,1.3,1.9,3.2,0.2,0.2,0.9,0.5,1.4,2017
Rodney McGruder,25,SG,MIA,78,65,25.2,6.4,.413,.488,.332,.620,1.2,2.1,3.3,1.6,0.6,0.2,0.7,1.8,2017
Ben McLemore,23,SG,SAC,61,26,19.3,8.1,.430,.462,.382,.753,0.3,1.8,2.1,0.8,0.5,0.1,1.0,1.8,2017
Jordan McRae,25,SG,CLE,37,4,10.4,4.4,.387,.404,.353,.794,0.2,0.9,1.1,0.5,0.2,0.2,0.4,0.8,2017
Josh McRoberts,29,PF,MIA,22,14,17.3,4.9,.373,.356,.419,.667,1.0,2.3,3.4,2.3,0.5,0.2,1.0,1.4,2017
Jodie Meeks,29,SG,ORL,36,10,20.5,9.1,.402,.395,.409,.878,0.1,2.0,2.1,1.3,0.9,0.1,1.0,1.1,2017
Salah Mejri,30,C,DAL,73,11,12.4,2.9,.642,.649,.333,.590,1.3,2.9,4.2,0.2,0.4,0.8,0.5,2.1,2017
Jordan Mickey,22,PF,BOS,25,1,5.6,1.5,.441,.455,.000,.571,0.5,0.8,1.4,0.3,0.1,0.2,0.4,0.5,2017
Khris Middleton,25,SF,MIL,29,23,30.7,14.7,.450,.459,.433,.880,0.4,3.9,4.2,3.4,1.4,0.2,2.2,2.7,2017
C.J. Miles,29,SF,IND,76,29,23.4,10.7,.434,.471,.413,.903,0.4,2.6,3.0,0.6,0.6,0.3,0.5,2.0,2017
Mike Miller,36,SF,DEN,20,0,7.6,1.4,.391,.333,.400,1.000,0.1,1.8,1.9,1.1,0.1,0.0,0.7,0.5,2017
Patty Mills,28,PG,SAS,80,8,21.9,9.5,.440,.474,.414,.825,0.3,1.5,1.8,3.5,0.8,0.0,1.3,1.4,2017
Elijah Millsap,29,SG,PHO,2,0,11.5,1.5,.143,.200,.000,.500,1.5,1.5,3.0,0.5,0.0,0.0,1.0,1.0,2017
Paul Millsap,31,PF,ATL,69,67,34.0,18.1,.442,.486,.311,.768,1.6,6.1,7.7,3.7,1.3,0.9,2.3,2.7,2017
Nikola Mirotić,25,PF,CHI,70,15,24.0,10.6,.413,.520,.342,.773,0.9,4.6,5.5,1.1,0.8,0.8,1.1,1.8,2017
Greg Monroe,26,C,MIL,81,0,22.5,11.7,.533,.536,.000,.741,2.1,4.5,6.6,2.3,1.1,0.5,1.7,2.1,2017
E'Twaun Moore,27,SG,NOP,73,22,24.9,9.6,.457,.501,.370,.770,0.5,1.6,2.1,2.2,0.7,0.4,0.8,1.8,2017
Marcus Morris,27,SF,DET,79,79,32.5,14.0,.418,.466,.331,.784,1.0,3.7,4.6,2.0,0.7,0.3,1.1,2.1,2017
Markieff Morris,27,PF,WAS,76,76,31.2,14.0,.457,.483,.362,.837,1.4,5.1,6.5,1.7,1.1,0.6,1.7,3.3,2017
Anthony Morrow,31,SG,TOT,49,7,14.6,5.5,.389,.479,.308,.919,0.2,0.4,0.6,0.5,0.5,0.0,0.1,0.9,2017
Donatas Motiejūnas,26,PF,NOP,34,0,14.1,4.4,.413,.505,.234,.510,0.8,2.2,3.0,0.9,0.5,0.3,0.9,1.6,2017
Timofey Mozgov,30,C,LAL,54,52,20.4,7.4,.515,.517,.000,.808,1.9,3.0,4.9,0.8,0.3,0.6,1.3,2.5,2017
Emmanuel Mudiay,20,PG,DEN,55,41,25.6,11.0,.377,.408,.315,.784,0.5,2.7,3.2,3.9,0.7,0.2,2.2,1.7,2017
Shabazz Muhammad,24,SF,MIN,78,1,19.4,9.9,.482,.528,.338,.774,1.1,1.7,2.8,0.4,0.3,0.1,0.7,1.1,2017
Dejounte Murray,20,PG,SAS,38,8,8.5,3.4,.431,.441,.391,.700,0.2,0.9,1.1,1.3,0.2,0.2,1.0,0.8,2017
Jamal Murray,19,SG,DEN,82,10,21.5,9.9,.404,.466,.334,.883,0.5,2.1,2.6,2.1,0.6,0.3,1.4,1.5,2017
Mike Muscala,25,C,ATL,70,3,17.7,6.2,.504,.546,.418,.766,1.1,2.3,3.4,1.4,0.4,0.6,0.8,1.4,2017
Larry Nance Jr.,24,PF,LAL,63,7,22.9,7.1,.526,.554,.278,.738,1.9,4.0,5.9,1.5,1.3,0.6,0.9,2.4,2017
Shabazz Napier,25,PG,POR,53,2,9.7,4.1,.399,.429,.370,.776,0.2,1.0,1.2,1.3,0.6,0.0,0.8,0.7,2017
Maurice Ndour,24,PF,NYK,32,4,10.3,3.1,.453,.481,.143,.731,0.7,1.3,2.0,0.3,0.5,0.3,0.4,0.9,2017
Gary Neal,32,SG,ATL,2,0,9.0,2.0,.000,.000,.000,1.000,0.0,0.5,0.5,0.5,0.0,0.0,0.0,0.5,2017
Jameer Nelson,34,PG,DEN,75,39,27.3,9.2,.444,.489,.388,.714,0.4,2.2,2.6,5.1,0.7,0.1,1.7,2.6,2017
Raul Neto,24,PG,UTA,40,0,8.7,2.5,.451,.517,.323,.889,0.1,0.7,0.8,0.9,0.5,0.1,0.4,1.2,2017
Georges Niang,23,PF,IND,23,0,4.0,0.9,.250,.333,.083,1.000,0.1,0.7,0.7,0.2,0.1,0.0,0.2,0.3,2017
Andrew Nicholson,27,PF,TOT,38,0,9.0,2.6,.387,.452,.185,.643,0.4,1.2,1.6,0.3,0.4,0.2,0.4,1.4,2017
Joakim Noah,31,C,NYK,46,46,22.1,5.0,.490,.493,.000,.436,3.5,5.2,8.8,2.2,0.7,0.8,1.3,2.8,2017
Nerlens Noel,22,C,TOT,51,19,20.5,8.7,.595,.597,.000,.694,1.8,3.9,5.8,1.0,1.3,1.0,1.0,2.5,2017
Lucas Nogueira,24,C,TOR,57,6,19.1,4.4,.660,.694,.250,.657,1.4,2.8,4.3,0.7,0.9,1.6,0.8,2.4,2017
Steve Novak,33,PF,MIL,8,0,2.8,0.6,.286,1.000,.167,,0.0,0.4,0.4,0.0,0.0,0.0,0.0,0.1,2017
Dirk Nowitzki,38,PF,DAL,54,54,26.4,14.2,.437,.463,.378,.875,0.4,6.1,6.5,1.5,0.6,0.7,0.9,2.1,2017
Jusuf Nurkić,22,C,TOT,65,48,21.4,10.2,.507,.508,.000,.571,2.4,4.8,7.2,1.9,0.8,1.1,2.2,2.5,2017
David Nwaba,24,SG,LAL,20,2,19.9,6.0,.580,.605,.200,.641,0.9,2.3,3.2,0.7,0.7,0.4,0.6,1.8,2017
Johnny O'Bryant,23,PF,TOT,11,0,7.3,3.5,.500,.500,.500,.833,0.8,0.9,1.7,0.5,0.0,0.1,0.5,0.9,2017
Kyle O'Quinn,26,C,NYK,79,8,15.6,6.3,.521,.538,.118,.771,2.0,3.6,5.6,1.5,0.5,1.3,1.0,2.2,2017
Daniel Ochefu,23,C,WAS,19,0,3.9,1.3,.444,.444,,.000,0.3,0.9,1.2,0.2,0.1,0.0,0.2,0.9,2017
Jahlil Okafor,21,C,PHI,50,33,22.7,11.8,.514,.514,,.671,1.6,3.2,4.8,1.2,0.4,1.0,1.8,2.4,2017
Victor Oladipo,24,SG,OKC,67,67,33.2,15.9,.442,.491,.361,.753,0.6,3.8,4.3,2.6,1.2,0.3,1.8,2.3,2017
Kelly Olynyk,25,C,BOS,75,6,20.5,9.0,.512,.608,.354,.732,1.0,3.8,4.8,2.0,0.6,0.4,1.3,2.8,2017
Arinze Onuaku,29,C,ORL,8,0,3.5,0.5,.500,.500,,,0.3,0.5,0.8,0.3,0.0,0.1,0.3,0.4,2017
Chinanu Onuaku,20,C,HOU,5,1,10.4,2.8,.714,.714,,1.000,0.4,1.6,2.0,0.6,0.6,0.2,0.8,1.2,2017
Kelly Oubre Jr.,21,SF,WAS,79,5,20.3,6.3,.421,.520,.287,.758,0.8,2.5,3.3,0.6,0.7,0.2,0.6,2.5,2017
Zaza Pachulia,32,C,GSW,70,70,18.1,6.1,.534,.538,.000,.778,2.0,3.9,5.9,1.9,0.8,0.5,1.2,2.4,2017
Georgios Papagiannis,19,C,SAC,22,0,16.1,5.6,.549,.560,.000,.857,1.1,2.8,3.9,0.9,0.1,0.8,1.1,2.0,2017
Jabari Parker,21,PF,MIL,51,50,33.9,20.1,.490,.525,.365,.743,1.5,4.6,6.2,2.8,1.0,0.4,1.8,2.2,2017
Tony Parker,34,PG,SAS,63,63,25.2,10.1,.466,.484,.333,.726,0.1,1.7,1.8,4.5,0.5,0.0,1.4,1.5,2017
Chandler Parsons,28,SF,MEM,34,34,19.9,6.2,.338,.388,.269,.814,0.2,2.3,2.5,1.6,0.6,0.1,0.7,1.5,2017
Lamar Patterson,25,SG,ATL,5,0,8.0,1.8,.200,.222,.167,.667,0.2,1.2,1.4,1.2,0.2,0.0,0.8,1.2,2017
Patrick Patterson,27,PF,TOR,65,8,24.6,6.8,.401,.458,.372,.717,1.0,3.6,4.5,1.2,0.6,0.4,0.6,1.8,2017
Chris Paul,31,PG,LAC,61,61,31.5,18.1,.476,.518,.411,.892,0.7,4.3,5.0,9.2,2.0,0.1,2.4,2.4,2017
Adreian Payne,25,PF,MIN,18,0,7.5,3.5,.426,.513,.200,.737,0.5,1.3,1.8,0.4,0.4,0.4,0.4,1.8,2017
Cameron Payne,22,PG,TOT,31,0,14.9,5.2,.332,.346,.314,.625,0.1,1.5,1.5,1.8,0.5,0.1,0.9,1.7,2017
Elfrid Payton,22,PG,ORL,82,58,29.4,12.8,.471,.509,.274,.692,1.1,3.6,4.7,6.5,1.1,0.5,2.2,2.2,2017
Gary Payton II,24,PG,MIL,6,0,16.5,3.3,.364,.538,.111,.600,0.0,2.0,2.0,2.2,0.5,0.7,1.7,1.5,2017
Paul Pierce*,39,SF,LAC,25,7,11.1,3.2,.400,.481,.349,.769,0.0,1.9,1.9,0.4,0.2,0.2,0.6,1.6,2017
Marshall Plumlee,24,C,NYK,21,1,8.1,1.9,.533,.533,,.421,1.1,1.3,2.4,0.5,0.2,0.2,0.6,1.1,2017
Mason Plumlee,26,C,TOT,81,64,26.5,10.4,.536,.541,.000,.580,2.1,5.4,7.5,3.5,0.9,1.1,1.7,2.8,2017
Miles Plumlee,28,C,TOT,45,12,10.8,2.5,.478,.478,,.641,0.8,1.3,2.1,0.5,0.4,0.3,0.7,1.6,2017
Jakob Poeltl,21,C,TOR,54,4,11.6,3.1,.583,.583,,.544,1.4,1.6,3.1,0.2,0.3,0.4,0.5,2.1,2017
Otto Porter Jr.,23,SF,WAS,80,80,32.6,13.4,.516,.576,.434,.832,1.5,5.0,6.4,1.5,1.5,0.5,0.6,2.4,2017
Bobby Portis,21,PF,CHI,64,13,15.6,6.8,.488,.541,.333,.661,1.2,3.5,4.6,0.5,0.3,0.2,0.6,1.5,2017
Kristaps Porziņģis,21,PF,NYK,66,65,32.8,18.1,.450,.493,.357,.786,1.7,5.5,7.2,1.5,0.7,2.0,1.8,3.7,2017
Dwight Powell,25,C,DAL,77,3,17.3,6.7,.515,.571,.284,.759,1.2,2.8,4.0,0.6,0.8,0.5,0.4,1.8,2017
Norman Powell,23,SG,TOR,76,18,18.0,8.4,.449,.514,.324,.792,0.3,1.9,2.2,1.1,0.7,0.2,0.9,1.7,2017
Alex Poythress,23,PF,PHI,6,1,26.2,10.7,.463,.543,.316,.800,1.8,3.0,4.8,0.8,0.5,0.3,0.5,2.3,2017
Ronnie Price,33,PG,PHO,14,0,9.6,1.0,.167,.143,.176,.750,0.2,0.6,0.8,1.3,0.8,0.1,0.2,1.0,2017
Taurean Prince,22,SF,ATL,59,10,16.6,5.7,.400,.443,.324,.787,0.4,2.2,2.7,0.9,0.7,0.5,1.0,1.6,2017
Tim Quarterman,22,SG,POR,16,0,5.0,1.9,.448,.500,.385,.000,0.3,0.6,0.9,0.7,0.1,0.2,0.7,0.4,2017
Chasson Randle,23,PG,TOT,26,0,11.5,5.3,.408,.471,.340,.953,0.2,1.0,1.2,1.3,0.3,0.1,0.7,1.5,2017
Julius Randle,22,PF,LAL,74,73,28.8,13.2,.488,.507,.270,.723,2.0,6.6,8.6,3.6,0.7,0.5,2.3,3.4,2017
Zach Randolph,35,PF,MEM,73,5,24.5,14.1,.449,.474,.223,.731,2.5,5.7,8.2,1.7,0.5,0.1,1.4,1.9,2017
J.J. Redick,32,SG,LAC,78,78,28.2,15.0,.445,.462,.429,.891,0.1,2.1,2.2,1.4,0.7,0.2,1.3,1.6,2017
Willie Reed,26,C,MIA,71,5,14.5,5.3,.568,.573,.250,.557,1.8,2.9,4.7,0.4,0.3,0.7,0.4,1.9,2017
Josh Richardson,23,SG,MIA,53,34,30.5,10.2,.394,.444,.330,.779,0.7,2.5,3.2,2.6,1.1,0.7,1.2,2.5,2017
Malachi Richardson,21,SG,SAC,22,0,9.0,3.6,.412,.500,.286,.789,0.1,0.9,1.0,0.5,0.2,0.0,0.4,1.0,2017
Austin Rivers,24,SG,LAC,74,29,27.8,12.0,.442,.491,.371,.691,0.3,1.9,2.2,2.8,0.6,0.1,1.6,2.5,2017
Andre Roberson,25,SF,OKC,79,79,30.1,6.6,.464,.609,.245,.423,1.2,3.9,5.1,1.0,1.2,1.0,0.6,2.6,2017
Brian Roberts,31,PG,CHO,41,2,10.1,3.5,.377,.372,.386,.846,0.1,0.8,1.0,1.3,0.2,0.0,0.6,0.4,2017
Glenn Robinson III,23,SF,IND,69,27,20.7,6.1,.467,.512,.392,.711,0.8,2.7,3.6,0.7,0.6,0.3,0.5,0.9,2017
Thomas Robinson,25,PF,LAL,48,1,11.7,5.0,.536,.538,.000,.470,1.8,2.9,4.6,0.6,0.5,0.2,1.0,1.6,2017
Sergio Rodríguez,30,PG,PHI,68,30,22.3,7.8,.392,.415,.365,.667,0.3,2.0,2.3,5.1,0.7,0.1,1.9,1.4,2017
Rajon Rondo,30,PG,CHI,69,42,26.7,7.8,.408,.418,.376,.600,1.1,4.1,5.1,6.7,1.4,0.2,2.4,2.1,2017
Derrick Rose,28,PG,NYK,64,64,32.5,18.0,.471,.487,.217,.874,1.0,2.8,3.8,4.4,0.7,0.3,2.3,1.3,2017
Terrence Ross,25,SF,TOT,78,24,25.1,11.0,.437,.518,.363,.831,0.2,2.4,2.6,1.1,1.1,0.4,0.9,1.8,2017
Terry Rozier,22,PG,BOS,74,0,17.1,5.5,.367,.405,.318,.773,0.5,2.5,3.1,1.8,0.6,0.1,0.6,0.9,2017
Ricky Rubio,26,PG,MIN,75,75,32.9,11.1,.402,.443,.306,.891,0.9,3.2,4.1,9.1,1.7,0.1,2.6,2.7,2017
Damjan Rudež,30,SF,ORL,45,0,7.0,1.8,.352,.458,.313,,0.1,0.4,0.6,0.4,0.3,0.0,0.2,0.7,2017
Brandon Rush,31,SG,MIN,47,33,21.9,4.2,.374,.356,.386,.722,0.3,1.8,2.1,1.0,0.5,0.5,0.6,0.9,2017
D'Angelo Russell,20,PG,LAL,63,60,28.7,15.6,.405,.447,.352,.782,0.5,3.0,3.5,4.8,1.4,0.3,2.8,2.1,2017
Domantas Sabonis,20,PF,OKC,81,66,20.1,5.9,.399,.438,.321,.657,0.6,3.0,3.6,1.0,0.5,0.4,1.0,2.5,2017
Larry Sanders,28,C,CLE,5,0,2.6,0.8,.250,.250,,1.000,0.6,0.2,0.8,0.0,0.2,0.2,0.4,1.0,2017
Dario Šarić,22,PF,PHI,81,36,26.3,12.8,.411,.469,.311,.782,1.4,5.0,6.3,2.2,0.7,0.4,2.3,2.0,2017
Tomáš Satoranský,25,SG,WAS,57,3,12.6,2.7,.415,.473,.243,.697,0.4,1.0,1.5,1.6,0.5,0.1,0.7,1.1,2017
Dennis Schröder,23,PG,ATL,79,78,31.5,17.9,.451,.487,.340,.855,0.5,2.6,3.1,6.3,0.9,0.2,3.3,1.9,2017
Luis Scola,36,PF,BRK,36,1,12.8,5.1,.470,.535,.340,.676,1.4,2.4,3.9,1.0,0.4,0.1,0.9,1.8,2017
Mike Scott,28,PF,ATL,18,0,10.8,2.5,.288,.406,.148,.875,0.6,1.5,2.1,0.9,0.2,0.2,0.4,0.7,2017
Thabo Sefolosha,32,SF,ATL,62,42,25.7,7.2,.441,.484,.342,.733,0.9,3.5,4.4,1.7,1.5,0.5,0.9,1.6,2017
Wayne Selden,22,SG,TOT,14,5,16.9,5.1,.431,.600,.250,.636,0.1,1.1,1.1,0.9,0.4,0.1,0.9,1.3,2017
Kevin Séraphin,27,PF,IND,49,3,11.4,4.7,.551,.556,.000,.636,0.8,2.1,2.9,0.5,0.1,0.4,0.6,1.3,2017
Ramon Sessions,30,PG,CHO,50,1,16.2,6.2,.380,.393,.339,.771,0.2,1.2,1.5,2.6,0.5,0.1,0.9,0.9,2017
Iman Shumpert,26,SG,CLE,76,31,25.5,7.5,.411,.469,.360,.789,0.5,2.4,2.9,1.4,0.8,0.4,1.0,2.0,2017
Pascal Siakam,22,PF,TOR,55,38,15.6,4.2,.502,.515,.143,.688,1.2,2.2,3.4,0.3,0.5,0.8,0.6,2.0,2017
Jonathon Simmons,27,SG,SAS,78,8,17.8,6.2,.420,.461,.294,.750,0.3,1.8,2.1,1.6,0.6,0.3,1.0,1.9,2017
Kyle Singler,28,SF,OKC,32,2,12.0,2.8,.410,.587,.189,.765,0.3,1.3,1.5,0.3,0.2,0.2,0.3,0.9,2017
Marcus Smart,22,SG,BOS,79,24,30.4,10.6,.359,.420,.283,.812,1.0,2.9,3.9,4.6,1.6,0.4,2.0,2.4,2017
Ish Smith,28,PG,DET,81,32,24.1,9.4,.439,.467,.267,.706,0.3,2.6,2.9,5.2,0.8,0.4,1.4,1.6,2017
J.R. Smith,31,SG,CLE,41,35,29.0,8.6,.346,.329,.351,.667,0.4,2.3,2.8,1.5,1.0,0.3,0.6,1.9,2017
Jason Smith,30,C,WAS,74,3,14.4,5.7,.529,.546,.474,.686,0.9,2.6,3.5,0.5,0.3,0.7,0.8,2.3,2017
Tony Snell,25,SG,MIL,80,80,29.2,8.5,.455,.548,.406,.810,0.3,2.8,3.1,1.2,0.7,0.2,0.7,1.6,2017
Marreese Speights,29,C,LAC,82,2,15.7,8.7,.445,.520,.372,.876,1.1,3.5,4.5,0.8,0.3,0.5,0.8,2.8,2017
Tiago Splitter,32,C,PHI,8,0,9.5,4.9,.452,.480,.333,.818,1.0,1.8,2.8,0.5,0.1,0.1,0.8,1.0,2017
Nik Stauskas,23,SG,PHI,80,27,27.4,9.5,.396,.433,.368,.813,0.3,2.6,2.8,2.4,0.6,0.4,1.6,1.8,2017
Lance Stephenson,26,SG,TOT,18,0,20.1,6.8,.450,.480,.300,.615,0.2,2.7,2.9,3.3,0.3,0.2,1.4,1.8,2017
Jarnell Stokes,23,C,DEN,2,0,3.5,1.5,1.000,1.000,,.500,0.5,0.5,1.0,1.0,0.5,0.0,0.0,1.5,2017
Diamond Stone,19,C,LAC,7,0,3.4,1.4,.231,.231,,1.000,0.1,0.7,0.9,0.0,0.0,0.1,0.3,0.7,2017
Rodney Stuckey,30,PG,IND,39,0,17.8,7.2,.373,.391,.317,.748,0.2,2.0,2.2,2.2,0.4,0.0,1.4,1.1,2017
Jared Sullinger,24,PF,TOR,11,1,10.7,3.4,.319,.414,.167,.500,0.9,1.5,2.5,0.3,0.4,0.1,0.4,1.5,2017
Edy Tavares,24,C,TOT,2,0,14.0,4.0,.800,.800,,.000,2.0,3.5,5.5,0.5,0.0,3.0,1.0,1.5,2017
Isaiah Taylor,22,PG,HOU,4,0,13.0,0.8,.143,.200,.000,.500,0.3,0.5,0.8,0.8,0.3,0.3,0.0,1.5,2017
Jeff Teague,28,PG,IND,82,82,32.4,15.3,.442,.475,.357,.867,0.4,3.6,4.0,7.8,1.2,0.4,2.6,2.0,2017
Mirza Teletović,31,PF,MIL,70,2,16.2,6.4,.373,.460,.341,.778,0.2,2.2,2.3,0.7,0.2,0.2,0.5,1.6,2017
Garrett Temple,30,SG,SAC,65,21,26.6,7.8,.424,.476,.373,.784,0.5,2.3,2.8,2.6,1.3,0.4,1.2,2.2,2017
Jason Terry,39,SG,MIL,74,0,18.4,4.1,.432,.444,.427,.828,0.2,1.2,1.4,1.3,0.6,0.3,0.5,1.3,2017
Isaiah Thomas,27,PG,BOS,76,76,33.8,28.9,.463,.528,.379,.909,0.6,2.1,2.7,5.9,0.9,0.2,2.8,2.2,2017
Lance Thomas,28,PF,NYK,46,15,21.0,6.0,.398,.371,.447,.843,0.7,2.4,3.1,0.8,0.5,0.1,0.5,1.8,2017
Hollis Thompson,25,SG,TOT,40,9,18.8,5.1,.385,.429,.337,.655,0.5,2.3,2.8,0.9,0.5,0.2,0.3,1.7,2017
Klay Thompson,26,SG,GSW,78,78,34.0,22.3,.468,.516,.414,.853,0.6,3.0,3.7,2.1,0.8,0.5,1.6,1.8,2017
Tristan Thompson,25,C,CLE,78,78,29.9,8.1,.600,.604,.000,.498,3.7,5.5,9.2,1.0,0.5,1.1,0.8,2.3,2017
Marcus Thornton,29,SG,WAS,33,1,17.4,6.6,.400,.431,.350,.852,0.7,1.6,2.3,1.2,0.6,0.1,0.8,1.5,2017
Mike Tobey,22,C,CHO,2,0,12.5,1.0,.250,.250,,,1.0,0.5,1.5,0.5,0.0,0.0,0.5,1.0,2017
Anthony Tolliver,31,PF,SAC,65,9,22.7,7.1,.442,.537,.391,.744,0.8,2.9,3.6,1.2,0.5,0.3,0.9,1.7,2017
Axel Toupane,24,SF,TOT,4,0,11.8,2.8,.556,.800,.250,,0.0,0.3,0.3,0.0,0.3,0.3,0.0,1.5,2017
Karl-Anthony Towns,21,C,MIN,82,82,37.0,25.1,.542,.582,.367,.832,3.6,8.7,12.3,2.7,0.7,1.3,2.6,2.9,2017
P.J. Tucker,31,SF,TOT,81,21,27.6,6.7,.413,.451,.357,.774,1.4,4.4,5.8,1.2,1.4,0.2,0.8,2.4,2017
Evan Turner,28,SF,POR,65,12,25.5,9.0,.426,.470,.263,.825,0.6,3.2,3.8,3.2,0.8,0.4,1.5,1.9,2017
Myles Turner,20,C,IND,81,81,31.4,14.5,.511,.536,.348,.809,1.7,5.6,7.3,1.3,0.9,2.1,1.3,3.2,2017
Beno Udrih,34,PG,DET,39,0,14.4,5.8,.467,.491,.344,.941,0.2,1.3,1.5,3.4,0.3,0.0,0.9,0.7,2017
Tyler Ulis,21,PG,PHO,61,15,18.4,7.3,.421,.455,.266,.775,0.3,1.2,1.6,3.7,0.8,0.1,1.3,1.2,2017
Jarrod Uthoff,23,PF,DAL,9,0,12.8,4.4,.421,.448,.333,.714,0.9,1.6,2.4,1.0,0.2,0.4,0.3,0.9,2017
Jonas Valančiūnas,24,C,TOR,80,80,25.8,12.0,.557,.557,.500,.811,2.8,6.7,9.5,0.7,0.5,0.8,1.3,2.7,2017
Denzel Valentine,23,SG,CHI,57,0,17.1,5.1,.354,.363,.351,.778,0.2,2.5,2.6,1.1,0.5,0.1,0.9,1.5,2017
Fred VanVleet,22,PG,TOR,37,0,7.9,2.9,.351,.341,.379,.818,0.1,1.0,1.1,0.9,0.4,0.1,0.4,1.0,2017
Anderson Varejão,34,C,GSW,14,1,6.6,1.3,.357,.357,,.727,0.9,1.1,1.9,0.7,0.2,0.2,0.6,1.1,2017
Greivis Vásquez,30,PG,BRK,3,0,13.0,2.3,.250,.200,.333,.667,0.0,0.7,0.7,1.7,0.3,0.3,0.3,2.0,2017
Rashad Vaughn,20,SG,MIL,41,2,11.2,3.5,.365,.413,.321,.400,0.1,1.1,1.2,0.6,0.5,0.2,0.3,0.8,2017
Noah Vonleh,21,PF,POR,74,41,17.1,4.4,.481,.492,.350,.638,1.8,3.5,5.2,0.4,0.4,0.4,0.9,2.1,2017
Nikola Vučević,26,C,ORL,75,55,28.8,14.6,.468,.481,.307,.669,2.3,8.0,10.4,2.8,1.0,1.0,1.6,2.4,2017
Sasha Vujačić,32,SG,NYK,42,4,9.7,3.0,.309,.306,.311,.708,0.3,1.1,1.4,1.2,0.3,0.0,0.4,0.9,2017
Dwyane Wade,35,SG,CHI,60,59,29.9,18.3,.434,.456,.310,.794,1.1,3.5,4.5,3.8,1.4,0.7,2.3,1.9,2017
Dion Waiters,25,SG,MIA,46,43,30.1,15.8,.424,.438,.395,.646,0.4,2.9,3.3,4.3,0.9,0.4,2.2,2.1,2017
Kemba Walker,26,PG,CHO,79,79,34.7,23.2,.444,.476,.399,.847,0.6,3.3,3.9,5.5,1.1,0.3,2.1,1.5,2017
John Wall,26,PG,WAS,78,78,36.4,23.1,.451,.480,.327,.801,0.8,3.4,4.2,10.7,2.0,0.6,4.1,1.9,2017
T.J. Warren,23,SF,PHO,66,59,31.0,14.4,.495,.527,.265,.773,1.9,3.2,5.1,1.1,1.2,0.6,0.9,2.7,2017
C.J. Watson,32,PG,ORL,62,9,16.3,4.5,.387,.448,.305,.864,0.3,1.2,1.4,1.8,0.7,0.0,0.8,1.4,2017
Briante Weber,24,PG,TOT,20,0,10.3,3.1,.417,.480,.100,.688,0.4,0.9,1.3,1.1,0.6,0.1,0.4,0.8,2017
David West,36,C,GSW,68,0,12.6,4.6,.536,.541,.375,.768,0.7,2.3,3.0,2.2,0.6,0.7,1.1,1.5,2017
Russell Westbrook,28,PG,OKC,81,81,34.6,31.6,.425,.459,.343,.845,1.7,9.0,10.7,10.4,1.6,0.4,5.4,2.3,2017
Okaro White,24,PF,MIA,35,0,13.5,2.8,.379,.396,.353,.909,0.7,1.6,2.3,0.6,0.3,0.3,0.5,1.5,2017
Isaiah Whitehead,21,PG,BRK,73,26,22.5,7.4,.402,.446,.295,.805,0.4,2.1,2.5,2.6,0.6,0.5,1.9,2.4,2017
Hassan Whiteside,27,C,MIA,77,77,32.6,17.0,.557,.557,,.628,3.8,10.3,14.1,0.7,0.7,2.1,2.0,2.9,2017
Andrew Wiggins,21,SF,MIN,82,82,37.2,23.6,.452,.473,.356,.760,1.2,2.8,4.0,2.3,1.0,0.4,2.3,2.2,2017
C.J. Wilcox,26,SG,ORL,22,0,4.9,1.0,.258,.313,.200,1.000,0.2,0.4,0.5,0.5,0.1,0.0,0.3,0.4,2017
Alan Williams,24,C,PHO,47,0,15.1,7.4,.517,.519,.000,.625,2.0,4.2,6.2,0.5,0.6,0.7,0.8,2.7,2017
Deron Williams,32,PG,TOT,64,44,25.9,11.0,.438,.486,.363,.826,0.2,2.1,2.3,5.6,0.5,0.1,2.2,2.2,2017
Derrick Williams,25,PF,TOT,50,11,16.1,6.1,.443,.531,.309,.652,0.4,2.2,2.6,0.6,0.3,0.1,0.6,1.2,2017
Lou Williams,30,SG,TOT,81,1,24.6,17.5,.429,.480,.365,.880,0.3,2.2,2.5,3.0,1.0,0.2,2.0,1.1,2017
Marvin Williams,30,PF,CHO,76,76,30.2,11.2,.422,.494,.350,.873,1.2,5.4,6.6,1.4,0.8,0.7,0.8,1.8,2017
Reggie Williams,30,SF,NOP,6,0,13.2,4.5,.348,.250,.455,.857,0.3,0.7,1.0,0.7,0.5,0.0,0.0,0.3,2017
Troy Williams,22,SF,TOT,30,16,18.6,6.2,.437,.524,.290,.656,0.5,1.8,2.3,0.8,0.9,0.3,1.1,2.0,2017
Kyle Wiltjer,24,PF,HOU,14,0,3.1,0.9,.286,.000,.308,.500,0.3,0.4,0.7,0.1,0.2,0.1,0.4,0.3,2017
Justise Winslow,20,SF,MIA,18,15,34.7,10.9,.356,.384,.200,.617,1.3,3.9,5.2,3.7,1.4,0.3,1.8,2.9,2017
Jeff Withey,26,C,UTA,51,1,8.5,2.9,.534,.539,.000,.750,1.0,1.4,2.4,0.1,0.3,0.6,0.3,1.0,2017
Christian Wood,21,PF,CHO,13,0,8.2,2.7,.522,.667,.000,.733,1.1,1.2,2.2,0.2,0.2,0.5,0.5,0.8,2017
Metta World Peace,37,SF,LAL,25,2,6.4,2.3,.279,.333,.237,.625,0.2,0.6,0.8,0.4,0.4,0.1,0.3,0.7,2017
Brandan Wright,29,PF,MEM,28,5,16.0,6.8,.615,.619,.000,.657,1.1,1.7,2.8,0.5,0.4,0.7,0.4,1.5,2017
Delon Wright,24,PG,TOR,27,0,16.5,5.6,.422,.453,.333,.764,0.6,1.2,1.8,2.1,1.0,0.4,0.9,1.1,2017
James Young,21,SG,BOS,29,0,7.6,2.3,.431,.565,.343,.667,0.2,0.7,0.9,0.1,0.3,0.1,0.1,0.5,2017
Joe Young,24,PG,IND,33,0,4.1,2.1,.361,.429,.217,.733,0.0,0.5,0.5,0.5,0.1,0.0,0.2,0.2,2017
Nick Young,31,SG,LAL,60,60,25.9,13.2,.430,.481,.404,.856,0.4,1.9,2.3,1.0,0.6,0.2,0.6,2.3,2017
Thaddeus Young,28,PF,IND,74,74,30.2,11.0,.527,.557,.381,.523,1.8,4.3,6.1,1.6,1.5,0.4,1.3,1.8,2017
Cody Zeller,24,C,CHO,62,58,27.8,10.3,.571,.572,.000,.679,2.2,4.4,6.5,1.6,1.0,0.9,1.0,3.0,2017
Tyler Zeller,27,C,BOS,51,5,10.3,3.5,.494,.497,.000,.564,0.8,1.6,2.4,0.8,0.1,0.4,0.4,1.2,2017
Stephen Zimmerman,20,C,ORL,19,0,5.7,1.2,.323,.323,,.600,0.6,1.3,1.8,0.2,0.1,0.3,0.2,0.9,2017
Paul Zipser,22,SF,CHI,44,18,19.2,5.5,.398,.451,.333,.775,0.3,2.5,2.8,0.8,0.3,0.4,0.9,1.8,2017
Ivica Zubac,19,C,LAL,38,11,16.0,7.5,.529,.536,.000,.653,1.1,3.1,4.2,0.8,0.4,0.9,0.8,1.7,2017
